{
  "f1": 0.8,
  "precision": 0.9061662198391421,
  "recall": 0.7161016949152542,
  "accuracy": 0.9448793215916503,
  "auc": 0.9170955954418933,
  "threshold": 0.35,
  "architecture": "ensemble"
}