{
  "f1": 0.9945454545454545,
  "precision": 0.9927404718693285,
  "recall": 0.9963570127504554,
  "accuracy": 0.9946140035906643,
  "auc": 0.998787820171833,
  "threshold": 0.35,
  "architecture": "ensemble"
}